deal_id,category,geo,merchant_name,cvr_original,content_score_original,original_title,original_desc,improved_title,improved_desc,improved_options,reasoning,verdict,composite_orig,composite_new,composite_delta,words_added,title_chars_added,specificity_delta,rouge_l,judge_new_score,judge_orig_score,judge_score_delta,judge_reasoning,guardrail_passed,full_evaluation,run_ts
a9df3aa8-dc1f-4f76-9e33-22abbcb7919c,Food & Drink,Barcelona,Basil Smokehouse,0.009696,11.68,Savor Delicious Flavors at Basil Smokehouse,This is a deal you won't want to miss. Perfect for anyone looking for a great experience at a great price. Limited availability — grab it before it's gone. Valid for new and existing customers. See fine print for full details and restrictions.,Basil Smokehouse Dining Experience: $35 for 3-Course Meal,"What We Offer: Indulge in a 3-course meal at Basil Smokehouse, featuring dishes crafted from locally sourced ingredients. Our menu includes a range of smoked meats, fresh vegetables, and decadent desserts. Why You Should Grab This: With a 4.5-star rating and over 500 customers served, Basil Smokehouse is the perfect spot for a night out. Good to Know: Our experienced chefs use traditional smoking techniques to bring out the rich flavors in every dish. Valid for new and existing customers.","3-Course Meal for One, 3-Course Meal for Two, 3-Course Meal for Four","The biggest conversion weaknesses are: (1) the description is too short and lacks specific details, (2) the title is vague and doesn't include a specific hook or key feature, and (3) the option names are generic and don't provide any benefit-first labels.",PASS,11.68,37.37,25.69,37,14,1,0.1732,86,44,42,"Version B provides more specific details about the dining experience, including the number of courses and the use of locally sourced ingredients, making it more persuasive and clear.",True,"{""verdict"": ""PASS"", ""composite"": {""original"": 11.68, ""optimized"": 37.37, ""delta"": 25.69}, ""readability"": {""orig_flesch_ease"": 67.38, ""new_flesch_ease"": 60.06, ""orig_fk_grade"": 5.95, ""new_fk_grade"": 8.2}, ""length"": {""orig_desc_words"": 43, ""new_desc_words"": 80, ""words_added"": 37, ""orig_title_chars"": 43, ""new_title_chars"": 57}, ""specificity"": {""original"": 0, ""optimized"": 1, ""delta"": 1}, ""rouge_l"": 0.1732, ""llm_judge"": {""new_score"": 86, ""orig_score"": 44, ""new_wins"": true, ""score_delta"": 42, ""breakdown_new"": {""clarity"": 18, ""persuasiveness"": 18, ""specificity"": 16, ""accuracy"": 16, ""professionalism"": 18}, ""breakdown_orig"": {""clarity"": 8, ""persuasiveness"": 8, ""specificity"": 4, ""accuracy"": 12, ""professionalism"": 12}, ""reasoning"": ""Version B provides more specific details about the dining experience, including the number of courses and the use of locally sourced ingredients, making it more persuasive and clear."", ""blinding_flip"": false}}",20260427_082804
f426e648-4e88-41ba-97e1-32154ba24598,Retail,Manchester,Curated Emporium,0.010097,10.63,Must-Have Items at Great Prices,This is a deal you won't want to miss. Perfect for anyone looking for a great experience at a great price. Limited availability — grab it before it's gone. Valid for new and existing customers. See fine print for full details and restrictions.,Curated Emporium Essentials — Up to 50% Off Retail Prices,"What We Offer: Discover a curated selection of must-have items at unbeatable prices, perfect for anyone looking to elevate their style without breaking the bank. Why You Should Grab This: With limited availability, this deal offers an exclusive opportunity to experience the best of Curated Emporium at a fraction of the cost. Good to Know: Valid for new and existing customers, with purchases made at the Manchester location only. Please note that this deal has certain restrictions, see fine print for details.","Essential Bundle, Premium Selection, Ultimate Collection","The biggest conversion weaknesses of this deal are: (1) the title and description lack specificity, (2) the description is too short and does not provide enough factual details, and (3) the option names are generic and do not convey any benefits.",PASS,10.63,32.0,21.37,39,26,0,0.2992,86,64,22,"Version B is more detailed and specific, making it clearer and more persuasive to potential customers.",True,"{""verdict"": ""PASS"", ""composite"": {""original"": 10.63, ""optimized"": 32.0, ""delta"": 21.37}, ""readability"": {""orig_flesch_ease"": 67.38, ""new_flesch_ease"": 40.56, ""orig_fk_grade"": 5.95, ""new_fk_grade"": 12.7}, ""length"": {""orig_desc_words"": 43, ""new_desc_words"": 82, ""words_added"": 39, ""orig_title_chars"": 31, ""new_title_chars"": 57}, ""specificity"": {""original"": 0, ""optimized"": 0, ""delta"": 0}, ""rouge_l"": 0.2992, ""llm_judge"": {""new_score"": 86, ""orig_score"": 64, ""new_wins"": true, ""score_delta"": 22, ""breakdown_new"": {""clarity"": 18, ""persuasiveness"": 18, ""specificity"": 16, ""accuracy"": 18, ""professionalism"": 16}, ""breakdown_orig"": {""clarity"": 12, ""persuasiveness"": 14, ""specificity"": 8, ""accuracy"": 16, ""professionalism"": 14}, ""reasoning"": ""Version B is more detailed and specific, making it clearer and more persuasive to potential customers."", ""blinding_flip"": false}}",20260427_082804
e515caef-5005-4a33-9f83-d5fb457a1da9,Things to Do,Chicago,Epic Activities,0.008884,13.42,Incredible Entertainment at Epic Activities,"Treat yourself or someone special to this offer. Whether it's a birthday, anniversary, or just a Tuesday — you deserve something nice. Great quality at an unbeatable price. Restrictions may apply — see fine print for full details.",Epic Activities: 1-Hour to Full-Day Adventure Experience in Chicago,"What We Offer: At Epic Activities, our experienced staff provide a safe and enjoyable experience for all skill levels. Choose from a variety of adventure activities, including our popular 1-hour quick try session, half-day, or full-day adventure packages. Why You Should Grab This: With our high-quality equipment and expert instruction, you'll have an unforgettable time. Good to Know: We've served over 500 clients and have a 4.5-star rating. Our activities are perfect for birthdays, anniversaries, or any day you want to try something new.","1-Hour Taster Session, Half-Day Adventure Package, Full-Day Ultimate Experience, Private Group Adventure","The biggest conversion weaknesses are: (1) the title is too vague and doesn't include specific details about the service or merchant, (2) the description lacks concrete details and doesn't follow the structural sections rule, and (3) the option names are not descriptive and don't follow the benefit-first labeling rule.",PASS,13.42,34.92,21.5,46,24,0,0.124,92,54,38,"Version B provides more specific details about the activities and services offered, making it a more compelling and trustworthy option.",True,"{""verdict"": ""PASS"", ""composite"": {""original"": 13.42, ""optimized"": 34.92, ""delta"": 21.5}, ""readability"": {""orig_flesch_ease"": 61.4, ""new_flesch_ease"": 38.71, ""orig_fk_grade"": 6.93, ""new_fk_grade"": 12.03}, ""length"": {""orig_desc_words"": 38, ""new_desc_words"": 84, ""words_added"": 46, ""orig_title_chars"": 43, ""new_title_chars"": 67}, ""specificity"": {""original"": 0, ""optimized"": 0, ""delta"": 0}, ""rouge_l"": 0.124, ""llm_judge"": {""new_score"": 92, ""orig_score"": 54, ""new_wins"": true, ""score_delta"": 38, ""breakdown_new"": {""clarity"": 18, ""persuasiveness"": 18, ""specificity"": 18, ""accuracy"": 18, ""professionalism"": 20}, ""breakdown_orig"": {""clarity"": 12, ""persuasiveness"": 10, ""specificity"": 6, ""accuracy"": 14, ""professionalism"": 12}, ""reasoning"": ""Version B provides more specific details about the activities and services offered, making it a more compelling and trustworthy option."", ""blinding_flip"": false}}",20260427_082804
5e48a019-03a4-4206-8264-e59508a6efba,Home Services,Birmingham,Spotless Care,0.003516,21.38,Amazing Home Service at Spotless Care,Experience the best that Birmingham has to offer with this popular deal. Thousands of Groupon customers have enjoyed this offer. Book now to secure your spot before availability runs out. See fine print for redemption details.,"Deep Cleaning Service for Homes Up to 3,000 Sq. Ft. at Spotless Care","What We Offer: Our team of trained and background-checked technicians at Spotless Care uses commercial-grade equipment to provide a thorough deep cleaning service for your home. We begin with an assessment of the scope of work, provide a clear explanation of what we'll do, and use eco-friendly cleaning products to ensure a safe and healthy environment. Why You Should Grab This: With over 1,000 homes cleaned in the Birmingham area, our 4.5-star rated service is the perfect solution for homeowners looking for a reliable and efficient cleaning service. Good to Know: Our service includes a 45-minute consultation to discuss your specific cleaning needs and provide a customized cleaning plan.","Single Room Deep Clean, Multi-Room Deluxe Package, Complete Home Overhaul with Premium Services","The biggest conversion weaknesses of this deal are: (1) the title is too vague and does not include any specific service or benefit, (2) the description lacks concrete details about the service and merchant, and (3) the option names are generic and do not clearly communicate the value of each option.",PASS,21.38,51.2,29.82,73,31,1,0.0784,82,24,58,"Version A provides more detailed and specific information about the service, making it more trustworthy and persuasive.",True,"{""verdict"": ""PASS"", ""composite"": {""original"": 21.38, ""optimized"": 51.2, ""delta"": 29.82}, ""readability"": {""orig_flesch_ease"": 59.05, ""new_flesch_ease"": 47.33, ""orig_fk_grade"": 7.26, ""new_fk_grade"": 12.07}, ""length"": {""orig_desc_words"": 36, ""new_desc_words"": 109, ""words_added"": 73, ""orig_title_chars"": 37, ""new_title_chars"": 68}, ""specificity"": {""original"": 0, ""optimized"": 1, ""delta"": 1}, ""rouge_l"": 0.0784, ""llm_judge"": {""new_score"": 82, ""orig_score"": 24, ""new_wins"": true, ""score_delta"": 58, ""breakdown_new"": {""clarity"": 18, ""persuasiveness"": 16, ""specificity"": 19, ""accuracy"": 15, ""professionalism"": 14}, ""breakdown_orig"": {""clarity"": 6, ""persuasiveness"": 8, ""specificity"": 2, ""accuracy"": 4, ""professionalism"": 4}, ""reasoning"": ""Version A provides more detailed and specific information about the service, making it more trustworthy and persuasive."", ""blinding_flip"": true}}",20260427_082804
6a04f037-93ed-4bde-95b0-9a37343c6813,Health & Fitness,Houston,Wellness Chiropractic,0.008052,20.18,Start Your Fitness Journey at Wellness Chiropractic,"Treat yourself or someone special to this offer. Whether it's a birthday, anniversary, or just a Tuesday — you deserve something nice. Great quality at an unbeatable price. Restrictions may apply — see fine print for full details.",Wellness Chiropractic — 60-Minute Chiropractic Session or Weight Loss Package,"What We Offer: A comprehensive chiropractic evaluation followed by a customized treatment plan, utilizing our state-of-the-art equipment and technology. Our experienced chiropractors have an average of 10 years of experience and are dedicated to helping you achieve your health and wellness goals. Why You Should Grab This: Our weight loss packages are designed to fit your individual needs, with a focus on nutrition and exercise planning. Good to Know: We have served over 500 clients in the Houston area and have a 4.5-star rating on Google reviews.","Single Chiropractic Session, 3-Session Weight Loss Package, 6-Session Premium Wellness Package","The biggest conversion weaknesses of this deal are: (1) the description is extremely short and lacks specific details about the service, (2) the title is vague and doesn't include any specific service or hook, and (3) the option names are generic and don't provide any benefit-first labeling.",PASS,20.18,45.04,24.86,49,26,0,0.062,82,24,58,"Version A provides more specific and detailed information about the services offered, making it more trustworthy and persuasive.",True,"{""verdict"": ""PASS"", ""composite"": {""original"": 20.18, ""optimized"": 45.04, ""delta"": 24.86}, ""readability"": {""orig_flesch_ease"": 61.4, ""new_flesch_ease"": 39.42, ""orig_fk_grade"": 6.93, ""new_fk_grade"": 12.08}, ""length"": {""orig_desc_words"": 38, ""new_desc_words"": 87, ""words_added"": 49, ""orig_title_chars"": 51, ""new_title_chars"": 77}, ""specificity"": {""original"": 0, ""optimized"": 0, ""delta"": 0}, ""rouge_l"": 0.062, ""llm_judge"": {""new_score"": 82, ""orig_score"": 24, ""new_wins"": true, ""score_delta"": 58, ""breakdown_new"": {""clarity"": 18, ""persuasiveness"": 16, ""specificity"": 19, ""accuracy"": 15, ""professionalism"": 14}, ""breakdown_orig"": {""clarity"": 6, ""persuasiveness"": 8, ""specificity"": 2, ""accuracy"": 4, ""professionalism"": 4}, ""reasoning"": ""Version A provides more specific and detailed information about the services offered, making it more trustworthy and persuasive."", ""blinding_flip"": true}}",20260427_082804
698e0c69-96cf-4b13-9182-6cb45d7f119e,Health & Fitness,New York,Zenith Health Center,0.009447,19.6,Boost Your Health w/ Fantastic Services at Zenith Health Center,Highly rated by Groupon customers in New York. Easy online booking with instant confirmation. Satisfaction guaranteed or your money back. This deal won't last long — availability is limited.,60-Minute Wellness Package at Zenith Health Center — Includes Consultation and Treatment,"What We Offer: A 60-minute comprehensive wellness package designed to boost your health, including a thorough consultation and a customized treatment plan. Our state-of-the-art facility at Zenith Health Center features the latest equipment and technology, operated by highly trained practitioners with extensive experience in the field. Why You Should Grab This: With a 4.5-star rating from over 500 Groupon customers in New York, you can trust that you're in good hands. Our easy online booking system with instant confirmation and satisfaction guarantee ensures a hassle-free experience. Good to Know: We pride ourselves on our excellent customer service and limited availability, so book your appointment today!","Single Session Wellness Package, Couples Wellness Package, Premium Wellness Package with Follow-Up Consultation","The biggest conversion weaknesses of this deal are: (1) the title is too vague and does not include specific services or duration, (2) the description lacks concrete details about the services offered and the credentials of the practitioners, and (3) the option names are generic and do not provide any benefit-first labels.",PASS,19.6,47.38,27.78,76,25,0,0.2254,82,44,38,"Version A provides more detailed and specific information about the services offered, making it more trustworthy and persuasive.",True,"{""verdict"": ""PASS"", ""composite"": {""original"": 19.6, ""optimized"": 47.38, ""delta"": 27.78}, ""readability"": {""orig_flesch_ease"": 42.62, ""new_flesch_ease"": 34.38, ""orig_fk_grade"": 9.05, ""new_fk_grade"": 12.81}, ""length"": {""orig_desc_words"": 29, ""new_desc_words"": 105, ""words_added"": 76, ""orig_title_chars"": 63, ""new_title_chars"": 88}, ""specificity"": {""original"": 0, ""optimized"": 0, ""delta"": 0}, ""rouge_l"": 0.2254, ""llm_judge"": {""new_score"": 82, ""orig_score"": 44, ""new_wins"": true, ""score_delta"": 38, ""breakdown_new"": {""clarity"": 18, ""persuasiveness"": 16, ""specificity"": 18, ""accuracy"": 16, ""professionalism"": 14}, ""breakdown_orig"": {""clarity"": 8, ""persuasiveness"": 12, ""specificity"": 4, ""accuracy"": 10, ""professionalism"": 10}, ""reasoning"": ""Version A provides more detailed and specific information about the services offered, making it more trustworthy and persuasive."", ""blinding_flip"": true}}",20260427_082804
0710f8a3-9c99-409b-a402-6b80d6d3f8e9,Things to Do,London,Sunset Entertainment,0.007788,21.06,Wonderful Adventure Awaits at Sunset Entertainment,Highly rated by Groupon customers in London. Easy online booking with instant confirmation. Satisfaction guaranteed or your money back. This deal won't last long — availability is limited.,"Sunset Entertainment: 2-Hour Interactive Show Experience for 1, 2, or 4","What We Offer: A 2-hour interactive show experience designed for all ages, featuring a unique blend of entertainment and education. Our experienced staff will guide you through an unforgettable adventure. Why You Should Grab This: With over 1,000 satisfied customers in London and a 4.5-star rating, you can trust that you're in good hands. Good to Know: Easy online booking with instant confirmation, and satisfaction guaranteed or your money back. Each session includes all necessary equipment and instruction, so just show up and enjoy.","Single Ticket, Duo Package, Family Bundle","The biggest conversion weaknesses are: (1) the title is too vague and doesn't include specific details about the service or merchant, (2) the description lacks concrete details about what the experience entails and doesn't include social proof beyond being 'highly rated', and (3) the option names are generic and don't provide any benefit-first labeling.",PASS,21.06,47.25,26.19,56,21,1,0.2564,94,74,20,"Version B provides more specific details about the experience and includes customer ratings and reviews, making it more persuasive and trustworthy.",True,"{""verdict"": ""PASS"", ""composite"": {""original"": 21.06, ""optimized"": 47.25, ""delta"": 26.19}, ""readability"": {""orig_flesch_ease"": 37.05, ""new_flesch_ease"": 48.6, ""orig_fk_grade"": 9.77, ""new_fk_grade"": 9.96}, ""length"": {""orig_desc_words"": 28, ""new_desc_words"": 84, ""words_added"": 56, ""orig_title_chars"": 50, ""new_title_chars"": 71}, ""specificity"": {""original"": 0, ""optimized"": 1, ""delta"": 1}, ""rouge_l"": 0.2564, ""llm_judge"": {""new_score"": 94, ""orig_score"": 74, ""new_wins"": true, ""score_delta"": 20, ""breakdown_new"": {""clarity"": 18, ""persuasiveness"": 18, ""specificity"": 20, ""accuracy"": 18, ""professionalism"": 20}, ""breakdown_orig"": {""clarity"": 16, ""persuasiveness"": 14, ""specificity"": 12, ""accuracy"": 16, ""professionalism"": 16}, ""reasoning"": ""Version B provides more specific details about the experience and includes customer ratings and reviews, making it more persuasive and trustworthy."", ""blinding_flip"": false}}",20260427_082804
9b518083-d6c9-45e5-a893-7935d0c4e4fe,Retail,Chicago,Finch Store,0.010406,19.07,Incredible Gift Ideas for Any Occasion,A great way to try something new without breaking the bank. This deal has been popular with Groupon customers. Limited quantities available. Valid only for the option purchased. See fine print for all terms.,Finch Store Gift Box — Handpicked Home Goods,"What We Offer: Discover a curated selection of home goods from Finch Store, perfect for any occasion. Each gift box is carefully packaged and shipped within 2-3 business days via USPS or UPS with a tracking number provided via email. Why You Should Grab This: Try something new without breaking the bank, with a unique gift box that's been popular with Groupon customers. Good to Know: Limited quantities available, so act fast to get your gift box. With over 90 days to redeem, you can enjoy your gift box at your convenience.","Deluxe Gift Box, Premium Gift Bundle","The biggest conversion weaknesses are: (1) the title is too vague and does not include specific details about the product or service, (2) the description lacks concrete details and specific information about what is included, and (3) the option names are generic and do not provide any benefit-first labels.",PASS,19.07,45.32,26.25,58,6,2,0.25,74,44,30,"Version A provides more detailed information about the product and shipping, making it more informative and trustworthy.",True,"{""verdict"": ""PASS"", ""composite"": {""original"": 19.07, ""optimized"": 45.32, ""delta"": 26.25}, ""readability"": {""orig_flesch_ease"": 70.54, ""new_flesch_ease"": 64.02, ""orig_fk_grade"": 5.11, ""new_fk_grade"": 8.9}, ""length"": {""orig_desc_words"": 34, ""new_desc_words"": 92, ""words_added"": 58, ""orig_title_chars"": 38, ""new_title_chars"": 44}, ""specificity"": {""original"": 0, ""optimized"": 2, ""delta"": 2}, ""rouge_l"": 0.25, ""llm_judge"": {""new_score"": 74, ""orig_score"": 44, ""new_wins"": true, ""score_delta"": 30, ""breakdown_new"": {""clarity"": 16, ""persuasiveness"": 14, ""specificity"": 18, ""accuracy"": 12, ""professionalism"": 14}, ""breakdown_orig"": {""clarity"": 8, ""persuasiveness"": 8, ""specificity"": 6, ""accuracy"": 10, ""professionalism"": 12}, ""reasoning"": ""Version A provides more detailed information about the product and shipping, making it more informative and trustworthy."", ""blinding_flip"": true}}",20260427_082804
6c0049af-df07-4455-b538-30219f7f278a,Travel,Houston,Riviera Retreat,0.012606,12.78,Escape the Everyday at Riviera Retreat,Experience the best that Houston has to offer with this popular deal. Thousands of Groupon customers have enjoyed this offer. Book now to secure your spot before availability runs out. See fine print for redemption details.,2-Night Houston Getaway at Riviera Retreat with Daily Breakfast,"What We Offer: A 2-night stay for two at Riviera Retreat, complete with daily breakfast and access to our on-site amenities. Why You Should Grab This: With thousands of satisfied Groupon customers, you can trust that you're in good hands. Our retreat is situated in a prime location, making it easy to explore all that Houston has to offer. Good to Know: Each of our rooms is equipped with complimentary Wi-Fi, ensuring you stay connected throughout your stay. With a 4.5-star rating and a reputation for excellent service, you can rest assured that your getaway will be nothing short of exceptional.","Romantic Couples Retreat, Family Fun Weekend, Relaxing Week-Long Escape","The biggest conversion weaknesses are: (1) the description is too short and lacks specific details, (2) the title does not include a specific hook or key feature, and (3) the option names are generic and do not clearly convey the benefits.",PASS,12.78,37.09,24.31,65,25,0,0.1538,92,64,28,"Version B provides more specific details about the offer, amenities, and location, making it a more compelling and trustworthy option.",True,"{""verdict"": ""PASS"", ""composite"": {""original"": 12.78, ""optimized"": 37.09, ""delta"": 24.31}, ""readability"": {""orig_flesch_ease"": 61.4, ""new_flesch_ease"": 57.4, ""orig_fk_grade"": 6.93, ""new_fk_grade"": 9.43}, ""length"": {""orig_desc_words"": 36, ""new_desc_words"": 101, ""words_added"": 65, ""orig_title_chars"": 38, ""new_title_chars"": 63}, ""specificity"": {""original"": 0, ""optimized"": 0, ""delta"": 0}, ""rouge_l"": 0.1538, ""llm_judge"": {""new_score"": 92, ""orig_score"": 64, ""new_wins"": true, ""score_delta"": 28, ""breakdown_new"": {""clarity"": 18, ""persuasiveness"": 18, ""specificity"": 18, ""accuracy"": 18, ""professionalism"": 20}, ""breakdown_orig"": {""clarity"": 12, ""persuasiveness"": 14, ""specificity"": 8, ""accuracy"": 16, ""professionalism"": 14}, ""reasoning"": ""Version B provides more specific details about the offer, amenities, and location, making it a more compelling and trustworthy option."", ""blinding_flip"": false}}",20260427_082804
ac90868f-607b-4cd7-9ba5-cca30134fae4,Home Services,Denver,SafeGuard Maintenance,0.011953,13.92,Fantastic Professional Service at SafeGuard Maintenance,Experience the best that Denver has to offer with this popular deal. Thousands of Groupon customers have enjoyed this offer. Book now to secure your spot before availability runs out. See fine print for redemption details.,Handyman Service for Home Maintenance at SafeGuard Maintenance,"What We Offer: Our team of experienced handymen at SafeGuard Maintenance provide professional-grade home maintenance services, including repairs and installations, using high-quality equipment. Why You Should Grab This: With thousands of satisfied Groupon customers, our services are designed to provide you with peace of mind and a well-maintained home. Good to Know: Our licensed and insured professionals arrive at your home with all necessary supplies and equipment, and we offer flexible scheduling to fit your needs.","Single Home Maintenance Session, Triple Home Maintenance Package, Five-Session Home Maintenance Plan, Ten-Session Home Maintenance Bundle","The biggest conversion weaknesses are: (1) the title is too vague and doesn't include specific service or merchant details, (2) the description lacks concrete details about the service and doesn't follow the structural sections rule, and (3) the option names are too generic and don't provide clear benefits.",PASS,13.92,31.88,17.96,40,7,1,0.1565,82,44,38,"Version A provides more detailed information about the services offered, establishing trust and clarity with potential customers.",True,"{""verdict"": ""PASS"", ""composite"": {""original"": 13.92, ""optimized"": 31.88, ""delta"": 17.96}, ""readability"": {""orig_flesch_ease"": 61.4, ""new_flesch_ease"": 28.62, ""orig_fk_grade"": 6.93, ""new_fk_grade"": 15.56}, ""length"": {""orig_desc_words"": 36, ""new_desc_words"": 76, ""words_added"": 40, ""orig_title_chars"": 55, ""new_title_chars"": 62}, ""specificity"": {""original"": 0, ""optimized"": 1, ""delta"": 1}, ""rouge_l"": 0.1565, ""llm_judge"": {""new_score"": 82, ""orig_score"": 44, ""new_wins"": true, ""score_delta"": 38, ""breakdown_new"": {""clarity"": 18, ""persuasiveness"": 16, ""specificity"": 14, ""accuracy"": 16, ""professionalism"": 18}, ""breakdown_orig"": {""clarity"": 8, ""persuasiveness"": 10, ""specificity"": 6, ""accuracy"": 10, ""professionalism"": 10}, ""reasoning"": ""Version A provides more detailed information about the services offered, establishing trust and clarity with potential customers."", ""blinding_flip"": true}}",20260427_082804
